{"cameraMode":{"drawMode":0,"name":"Shaded","section":"Shading Mode"},"sceneLighting":true,"audioPlay":false,"sceneViewState":{"showFog":true,"showMaterialUpdate":true,"showSkybox":true,"showFlares":true,"showImageEffects":true,"showParticleSystems":true},"in2DMode":false,"pivot":{"x":-0.40443265438079836,"y":8.870064735412598,"z":17.586681365966798},"rotation":{"x":-0.18814843893051148,"y":0.018264079466462137,"z":-0.0034994736779481174,"w":-0.981966495513916},"size":4.806200981140137,"orthographic":false}